epoch,train_loss,train_accuracy,val_loss,val_accuracy,val_precision,val_recall,val_f1,val_roc_auc
1,0.4173243495217387,0.7915063221550303,0.3075194389937998,0.8631868131868132,0.8086206896551724,0.7726523887973641,0.7902274641954508,0.9364748448643267
2,0.3102381646371006,0.8618746564046179,0.2671042414484443,0.8862637362637362,0.8676470588235294,0.7775947281713345,0.8201563857515204,0.9534423210388284
3,0.2811453424275347,0.8790544255085212,0.2422297483944631,0.8989010989010989,0.8923933209647495,0.7924217462932455,0.8394415357766143,0.9625195744617278
4,0.2557705005506947,0.8894997251236944,0.22432570372309,0.9076923076923076,0.8534621578099839,0.8731466227347611,0.8631921824104235,0.9657621782691898
5,0.2371189327702671,0.9025563496426608,0.2201607885105269,0.904945054945055,0.858085808580858,0.85667215815486,0.8573784006595219,0.9666422650826916
6,0.2309521262530378,0.9004947773501925,0.2222083145445519,0.9087912087912088,0.8821490467937608,0.8385502471169687,0.8597972972972973,0.9665030538197532
7,0.2106308228960399,0.9127267729521716,0.2154877167399768,0.9131868131868132,0.8837606837606837,0.8517298187808896,0.8674496644295302,0.9689932377280178
8,0.1864721333365344,0.9253710830126444,0.2234623367355747,0.910989010989011,0.8665568369028006,0.8665568369028006,0.8665568369028006,0.967686010015062
9,0.1552837942084353,0.9358163826278176,0.2537615372584416,0.9005494505494506,0.8915441176470589,0.7990115321252059,0.8427454387489139,0.963579617298052
10,0.18591906169635244,0.9234469488730072,0.21311087582137558,0.9126373626373626,0.8916083916083916,0.8401976935749588,0.8651399491094147,0.9705843206015012
11,0.16753594511162453,0.9299065420560748,0.22327060214356406,0.9159340659340659,0.8783333333333333,0.8682042833607908,0.8732394366197183,0.9695202032891886
