round,model,batch_latency_ms,per_image_latency_ms,throughput_images_per_second
1,Swin-Tiny,71.3927392000005,4.462046200000032,224.11242626757047
1,ResNet-50,48.43476129000919,3.0271725806255745,330.3412585064268
2,ResNet-50,49.492248140013544,3.0932655087508465,323.2829503872204
2,Swin-Tiny,78.23589317000369,4.889743323125231,204.509712252311
3,Swin-Tiny,79.28016765999928,4.955010478749955,201.81592032723188
3,ResNet-50,50.24235979999503,3.1401474874996893,318.45637951109103
4,ResNet-50,49.21492813000441,3.0759330081252756,325.10460967727045
4,Swin-Tiny,73.82379603001027,4.613987251875642,216.7322849870224
5,Swin-Tiny,73.03681673998653,4.564801046249158,219.06759787958072
5,ResNet-50,48.08195292000164,3.0051220575001025,332.76518586132863
6,ResNet-50,48.05035023000528,3.00314688937533,332.9840453485128
6,Swin-Tiny,72.78616482000871,4.549135301250544,219.82199556146477
7,Swin-Tiny,73.72026436001761,4.6075165225011006,217.0366606644678
7,ResNet-50,48.78300207999928,3.048937629999955,327.9830948854191
8,ResNet-50,48.85039816999779,3.053149885624862,327.5305954379435
8,Swin-Tiny,74.85321505999309,4.678325941249568,213.75167368798222
9,Swin-Tiny,75.12801079999917,4.695500674999948,212.9698341487324
9,ResNet-50,48.86707051000485,3.054191906875303,327.4188494013412
10,ResNet-50,48.76840279999669,3.0480251749997933,328.0812797092687
10,Swin-Tiny,74.21623152000393,4.638514470000246,215.58626290109362
11,Swin-Tiny,74.12736338001196,4.632960211250747,215.8447200931244
11,ResNet-50,48.66522095999244,3.0415763099995274,328.77689003310104
12,ResNet-50,48.404842620002455,3.0253026637501534,330.54543995951923
12,Swin-Tiny,73.91435472000012,4.6196471700000075,216.46674804387678
13,Swin-Tiny,73.71395801999824,4.60712237624989,217.05522847734312
13,ResNet-50,48.49723814999379,3.031077384374612,329.91569438479553
14,ResNet-50,48.40984721999121,3.0256154512494504,330.5112682403319
14,Swin-Tiny,73.8920713799962,4.618254461249762,216.5320270657816
15,Swin-Tiny,74.10515405999831,4.6315721287498945,215.90940877129543
15,ResNet-50,48.6898612099867,3.043116325624169,328.6105074523865
16,ResNet-50,48.5360547900018,3.0335034243751124,329.6518447827351
16,Swin-Tiny,74.21779452999544,4.638612158124715,215.58172270308478
17,Swin-Tiny,74.34284959999786,4.646428099999866,215.21908409602395
17,ResNet-50,48.66602353000417,3.0416264706252605,328.7714680476305
18,ResNet-50,48.8296079400061,3.051850496250381,327.6700484603154
18,Swin-Tiny,74.67107352000312,4.666942095000195,214.27306781271696
19,Swin-Tiny,74.65717040000527,4.666073150000329,214.31297106860174
19,ResNet-50,48.80498177000845,3.0503113606255283,327.83538523586316
20,ResNet-50,48.603698530005204,3.0377311581253252,329.19305493022296
20,Swin-Tiny,74.17544357000224,4.63596522312514,215.70481051320144
