sample_id,y_true,y_pred_swin,y_prob_swin,swin_confidence,y_pred_r50,y_prob_r50,r50_confidence,combined_confidence,error_type
125.png,1,0,0.02663,0.97337,1,0.6664371490478516,0.6664371490478516,0.8199035745239258,r50_correct_swin_wrong
3075.png,1,0,0.0267,0.9733,1,0.9488226175308228,0.9488226175308228,0.9610613087654114,r50_correct_swin_wrong
6282.png,1,0,0.0379,0.9621,1,0.729138970375061,0.729138970375061,0.8456194851875305,r50_correct_swin_wrong
6523.png,0,1,0.9565,0.9565,0,0.4740872979164123,0.5259127020835876,0.7412063510417939,r50_correct_swin_wrong
11475.png,0,1,0.9517,0.9517,0,0.0776793211698532,0.9223206788301468,0.9370103394150734,r50_correct_swin_wrong
1490.png,0,1,0.946,0.946,0,0.2369678616523742,0.7630321383476257,0.8545160691738128,r50_correct_swin_wrong
10409.png,0,1,0.9336,0.9336,0,0.1583360731601715,0.8416639268398285,0.8876319634199142,r50_correct_swin_wrong
8430.png,1,0,0.07135,0.92865,1,0.837039053440094,0.837039053440094,0.882844526720047,r50_correct_swin_wrong
9632.png,1,0,0.07556,0.92444,1,0.8527535796165466,0.8527535796165466,0.8885967898082734,r50_correct_swin_wrong
8377.png,1,0,0.0782,0.9218,1,0.7150120139122009,0.7150120139122009,0.8184060069561004,r50_correct_swin_wrong
7188.png,0,1,0.921,0.921,0,0.0910071954131126,0.9089928045868874,0.9149964022934437,r50_correct_swin_wrong
380.png,1,0,0.0808,0.9192,1,0.7911390066146851,0.7911390066146851,0.8551695033073425,r50_correct_swin_wrong
6137.png,0,1,0.915,0.915,0,0.0968128070235252,0.9031871929764748,0.9090935964882374,r50_correct_swin_wrong
5289.png,1,0,0.09235,0.90765,1,0.7165943384170532,0.7165943384170532,0.8121221692085265,r50_correct_swin_wrong
1515.png,0,1,0.9067,0.9067,0,0.4306083023548126,0.5693916976451874,0.7380458488225936,r50_correct_swin_wrong
3216.png,1,0,0.10205,0.89795,1,0.5752718448638916,0.5752718448638916,0.7366109224319458,r50_correct_swin_wrong
8632.png,0,1,0.8823,0.8823,0,0.2688319385051727,0.7311680614948273,0.8067340307474136,r50_correct_swin_wrong
8396.png,0,1,0.8813,0.8813,0,0.0548004023730754,0.9451995976269246,0.9132497988134622,r50_correct_swin_wrong
5651.png,0,1,0.874,0.874,0,0.0455723889172077,0.9544276110827923,0.9142138055413962,r50_correct_swin_wrong
7218.png,0,1,0.8696,0.8696,0,0.0085549280047416,0.9914450719952584,0.9305225359976292,r50_correct_swin_wrong
5711.png,0,1,0.8643,0.8643,0,0.3596459627151489,0.6403540372848511,0.7523270186424256,r50_correct_swin_wrong
1933.png,1,0,0.137,0.863,1,0.7821212410926819,0.7821212410926819,0.8225606205463409,r50_correct_swin_wrong
5546.png,0,1,0.861,0.861,0,0.2783154845237732,0.7216845154762268,0.7913422577381134,r50_correct_swin_wrong
7959.png,0,1,0.8594,0.8594,0,0.0627905800938606,0.9372094199061394,0.8983047099530697,r50_correct_swin_wrong
7515.png,0,1,0.8535,0.8535,0,0.1952149420976638,0.8047850579023362,0.8291425289511681,r50_correct_swin_wrong
5879.png,0,1,0.821,0.821,0,0.2895098030567169,0.7104901969432831,0.7657450984716415,r50_correct_swin_wrong
8344.png,1,0,0.1852,0.8148,1,0.9115023612976074,0.9115023612976074,0.8631511806488037,r50_correct_swin_wrong
7263.png,1,0,0.1891,0.8109,1,0.7416898012161255,0.7416898012161255,0.7762949006080627,r50_correct_swin_wrong
4286.png,1,0,0.1913,0.8087,1,0.5011007785797119,0.5011007785797119,0.6549003892898559,r50_correct_swin_wrong
3909.png,0,1,0.8022,0.8022,0,0.4507595002651214,0.5492404997348785,0.6757202498674393,r50_correct_swin_wrong
6677.png,0,1,0.8003,0.8003,0,0.2472589910030365,0.7527410089969635,0.7765205044984818,r50_correct_swin_wrong
10018.png,1,0,0.2024,0.7976,1,0.8959982395172119,0.8959982395172119,0.846799119758606,r50_correct_swin_wrong
6994.png,0,1,0.783,0.783,0,0.0420399457216262,0.9579600542783738,0.8704800271391869,r50_correct_swin_wrong
3461.png,1,0,0.2196,0.7804,1,0.8980708122253418,0.8980708122253418,0.8392354061126709,r50_correct_swin_wrong
4236.png,0,1,0.769,0.769,0,0.2941887676715851,0.7058112323284149,0.7374056161642075,r50_correct_swin_wrong
1587.png,0,1,0.763,0.763,0,0.3361445665359497,0.6638554334640503,0.7134277167320251,r50_correct_swin_wrong
10321.png,0,1,0.752,0.752,0,0.4097792208194732,0.5902207791805267,0.6711103895902634,r50_correct_swin_wrong
2750.png,1,0,0.2551,0.7449,1,0.9078969359397888,0.9078969359397888,0.8263984679698944,r50_correct_swin_wrong
1087.png,1,0,0.2588,0.7412000000000001,1,0.9673871994018556,0.9673871994018556,0.8542935997009278,r50_correct_swin_wrong
10853.png,0,1,0.7354,0.7354,0,0.1794582605361938,0.8205417394638062,0.7779708697319031,r50_correct_swin_wrong
5767.png,0,1,0.716,0.716,0,0.448967307806015,0.551032692193985,0.6335163460969925,r50_correct_swin_wrong
6986.png,1,0,0.2932,0.7068,1,0.8678606152534485,0.8678606152534485,0.7873303076267242,r50_correct_swin_wrong
1520.png,1,0,0.3025,0.6975,1,0.8266504406929016,0.8266504406929016,0.7620752203464508,r50_correct_swin_wrong
9891.png,0,1,0.696,0.696,0,0.1658442020416259,0.8341557979583741,0.7650778989791871,r50_correct_swin_wrong
4327.png,1,0,0.314,0.6859999999999999,1,0.6780140399932861,0.6780140399932861,0.682007019996643,r50_correct_swin_wrong
8522.png,0,1,0.678,0.678,0,0.1979483515024185,0.8020516484975815,0.7400258242487907,r50_correct_swin_wrong
978.png,0,1,0.6733,0.6733,0,0.1090111956000328,0.8909888043999672,0.7821444021999836,r50_correct_swin_wrong
7555.png,0,1,0.673,0.673,0,0.173912912607193,0.826087087392807,0.7495435436964035,r50_correct_swin_wrong
6495.png,0,1,0.672,0.672,0,0.1928871124982834,0.8071128875017166,0.7395564437508584,r50_correct_swin_wrong
2871.png,1,0,0.331,0.669,1,0.617053210735321,0.617053210735321,0.6430266053676605,r50_correct_swin_wrong
3354.png,1,0,0.3362,0.6638,1,0.9813045263290404,0.9813045263290404,0.8225522631645201,r50_correct_swin_wrong
736.png,1,0,0.3433,0.6567000000000001,1,0.9364779591560364,0.9364779591560364,0.7965889795780182,r50_correct_swin_wrong
9227.png,0,1,0.6504,0.6504,0,0.2472472786903381,0.7527527213096619,0.7015763606548309,r50_correct_swin_wrong
11282.png,0,1,0.65,0.65,0,0.0999841541051864,0.9000158458948135,0.7750079229474067,r50_correct_swin_wrong
6603.png,0,1,0.648,0.648,0,0.1649574637413025,0.8350425362586975,0.7415212681293488,r50_correct_swin_wrong
5128.png,0,1,0.6465,0.6465,0,0.0506778098642826,0.9493221901357174,0.7979110950678587,r50_correct_swin_wrong
7921.png,0,1,0.645,0.645,0,0.2658004760742187,0.7341995239257812,0.6895997619628906,r50_correct_swin_wrong
676.png,1,0,0.3584,0.6416,1,0.8105108141899109,0.8105108141899109,0.7260554070949554,r50_correct_swin_wrong
2317.png,1,0,0.3599,0.6401,1,0.5492510199546814,0.5492510199546814,0.5946755099773406,r50_correct_swin_wrong
5600.png,0,1,0.639,0.639,0,0.3743767440319061,0.6256232559680939,0.6323116279840469,r50_correct_swin_wrong
5678.png,1,0,0.3643,0.6356999999999999,1,0.7372542023658752,0.7372542023658752,0.6864771011829376,r50_correct_swin_wrong
9116.png,0,1,0.6343,0.6343,0,0.2450424879789352,0.7549575120210648,0.6946287560105324,r50_correct_swin_wrong
6124.png,0,1,0.634,0.634,0,0.497635543346405,0.502364456653595,0.5681822283267974,r50_correct_swin_wrong
10443.png,0,1,0.599,0.599,0,0.0885448902845382,0.9114551097154618,0.755227554857731,r50_correct_swin_wrong
2846.png,1,0,0.4043,0.5957,1,0.5046000480651855,0.5046000480651855,0.5501500240325927,r50_correct_swin_wrong
1599.png,0,1,0.5938,0.5938,0,0.2551025152206421,0.7448974847793579,0.6693487423896789,r50_correct_swin_wrong
854.png,1,0,0.4067,0.5932999999999999,1,0.7183674573898315,0.7183674573898315,0.6558337286949157,r50_correct_swin_wrong
282.png,0,1,0.5884,0.5884,0,0.1858678609132766,0.8141321390867234,0.7012660695433617,r50_correct_swin_wrong
11170.png,0,1,0.577,0.577,0,0.2418509125709533,0.7581490874290466,0.6675745437145233,r50_correct_swin_wrong
2966.png,1,0,0.4268,0.5731999999999999,1,0.9856049418449402,0.9856049418449402,0.7794024709224701,r50_correct_swin_wrong
7189.png,1,0,0.4277,0.5723,1,0.9806323051452636,0.9806323051452636,0.7764661525726317,r50_correct_swin_wrong
10026.png,0,1,0.554,0.554,0,0.0001029211853165,0.9998970788146835,0.7769485394073418,r50_correct_swin_wrong
491.png,1,0,0.4468,0.5532,1,0.7644681930541992,0.7644681930541992,0.6588340965270996,r50_correct_swin_wrong
1617.png,1,0,0.448,0.552,1,0.9928489923477172,0.9928489923477172,0.7724244961738587,r50_correct_swin_wrong
2627.png,1,0,0.448,0.552,1,0.6131114363670349,0.6131114363670349,0.5825557181835175,r50_correct_swin_wrong
6842.png,0,1,0.5415,0.5415,0,0.4065492153167724,0.5934507846832275,0.5674753923416138,r50_correct_swin_wrong
11469.png,0,1,0.5376,0.5376,0,0.0571538992226123,0.9428461007773877,0.7402230503886938,r50_correct_swin_wrong
1193.png,0,1,0.5347,0.5347,0,0.0906047597527504,0.9093952402472496,0.7220476201236248,r50_correct_swin_wrong
8491.png,0,1,0.5103,0.5103,0,0.1646151095628738,0.8353848904371262,0.6728424452185631,r50_correct_swin_wrong
6888.png,0,1,0.5015,0.5015,0,0.1752667129039764,0.8247332870960236,0.6631166435480118,r50_correct_swin_wrong
1808.png,0,1,0.497,0.497,0,0.3586009442806244,0.6413990557193756,0.5691995278596877,r50_correct_swin_wrong
5180.png,0,1,0.4941,0.4941,0,0.0158796105533838,0.9841203894466162,0.7391101947233081,r50_correct_swin_wrong
8956.png,0,1,0.4844,0.4844,0,0.2221489697694778,0.7778510302305222,0.631125515115261,r50_correct_swin_wrong
1628.png,0,1,0.477,0.477,0,0.0059130019508302,0.9940869980491698,0.7355434990245848,r50_correct_swin_wrong
11465.png,0,1,0.4683,0.4683,0,0.0865784808993339,0.913421519100666,0.690860759550333,r50_correct_swin_wrong
6496.png,0,1,0.4668,0.4668,0,0.031713705509901,0.968286294490099,0.7175431472450495,r50_correct_swin_wrong
8888.png,0,1,0.4666,0.4666,0,0.0652955919504165,0.9347044080495835,0.7006522040247918,r50_correct_swin_wrong
9512.png,0,1,0.4521,0.4521,0,0.4977262318134308,0.5022737681865692,0.4771868840932846,r50_correct_swin_wrong
3754.png,0,1,0.4514,0.4514,0,0.0017625717446208,0.9982374282553792,0.7248187141276896,r50_correct_swin_wrong
