sample_id,y_true_swin,y_pred_swin,y_prob_swin,y_true_r50,y_pred_r50,y_prob_r50,y_true,swin_correct,r50_correct,swin_confidence,r50_confidence,error_type,combined_confidence,image_path,image_found
6500.png,1,0,0.001107,1,0,0.0001857064053183,1,False,False,0.998893,0.9998142935946817,both_wrong,0.9993536467973408,,False
7134.png,1,0,0.001402,1,0,0.0029592458158731,1,False,False,0.998598,0.9970407541841269,both_wrong,0.9978193770920634,,False
230.png,0,1,0.9976,0,1,0.997050404548645,0,False,False,0.9976,0.997050404548645,both_wrong,0.9973252022743225,,False
3355.png,1,0,0.003817,1,0,0.0016310240607708,1,False,False,0.996183,0.9983689759392292,both_wrong,0.9972759879696147,,False
7894.png,0,1,0.996,0,1,0.997883141040802,0,False,False,0.996,0.997883141040802,both_wrong,0.996941570520401,,False
9404.png,1,0,0.00668,1,0,4.974379407940432e-05,1,False,False,0.99332,0.9999502562059206,both_wrong,0.9966351281029603,,False
1206.png,0,1,0.9985,0,1,0.9931957721710204,0,False,False,0.9985,0.9931957721710204,both_wrong,0.9958478860855102,,False
6885.png,0,1,0.999,0,1,0.9906710386276244,0,False,False,0.999,0.9906710386276244,both_wrong,0.9948355193138122,,False
6819.png,0,1,0.994,0,1,0.9949567914009094,0,False,False,0.994,0.9949567914009094,both_wrong,0.9944783957004547,,False
2784.png,0,1,0.998,0,1,0.989775776863098,0,False,False,0.998,0.989775776863098,both_wrong,0.993887888431549,,False
9577.png,1,0,0.02454,1,0,0.0010823152260854,1,False,False,0.97546,0.9989176847739146,both_wrong,0.9871888423869573,,False
2707.png,0,1,0.9834,0,1,0.9881145358085632,0,False,False,0.9834,0.9881145358085632,both_wrong,0.9857572679042816,,False
361.png,1,1,0.8955,1,0,0.0104269888252019,1,True,False,0.8955,0.9895730111747981,swin_correct_r50_wrong,0.9425365055873991,,False
734.png,1,1,0.682,1,0,0.0198756270110607,1,True,False,0.682,0.9801243729889393,swin_correct_r50_wrong,0.8310621864944696,,False
11596.png,0,0,0.4082,0,1,0.9786176681518556,0,True,False,0.5918,0.9786176681518556,swin_correct_r50_wrong,0.7852088340759278,,False
3377.png,1,1,0.9614,1,0,0.0380156897008419,1,True,False,0.9614,0.9619843102991581,swin_correct_r50_wrong,0.9616921551495791,,False
1681.png,1,1,0.4768,1,0,0.0477357320487499,1,True,False,0.4768,0.9522642679512501,swin_correct_r50_wrong,0.714532133975625,,False
1287.png,1,1,0.565,1,0,0.0515418462455272,1,True,False,0.565,0.9484581537544728,swin_correct_r50_wrong,0.7567290768772363,,False
125.png,1,0,0.02663,1,1,0.6664371490478516,1,False,True,0.97337,0.6664371490478516,r50_correct_swin_wrong,0.8199035745239258,,False
3075.png,1,0,0.0267,1,1,0.9488226175308228,1,False,True,0.9733,0.9488226175308228,r50_correct_swin_wrong,0.9610613087654114,,False
6282.png,1,0,0.0379,1,1,0.729138970375061,1,False,True,0.9621,0.729138970375061,r50_correct_swin_wrong,0.8456194851875305,,False
6523.png,0,1,0.9565,0,0,0.4740872979164123,0,False,True,0.9565,0.5259127020835876,r50_correct_swin_wrong,0.7412063510417939,,False
11475.png,0,1,0.9517,0,0,0.0776793211698532,0,False,True,0.9517,0.9223206788301468,r50_correct_swin_wrong,0.9370103394150734,,False
1490.png,0,1,0.946,0,0,0.2369678616523742,0,False,True,0.946,0.7630321383476257,r50_correct_swin_wrong,0.8545160691738128,,False
