sample_id,y_true,y_pred_swin,y_prob_swin,swin_confidence,y_pred_r50,y_prob_r50,r50_confidence,combined_confidence,error_type,metadata_found,meta_id,meta_file_name,meta_valid_fine_grain,meta_width,meta_height,meta_site_type,meta_evidence,meta_is_candidate_location,meta_categories,meta_severity
6500.png,1,0,0.001107,0.998893,0,0.0001857064053183,0.9998142935946815,0.9993536467973408,both_wrong,True,6500,6500.png,0,1000,1000,n/a,n/a,1,[],n/a
7134.png,1,0,0.001402,0.998598,0,0.0029592458158731,0.9970407541841269,0.9978193770920634,both_wrong,True,7134,7134.png,0,1052,1050,n/a,n/a,1,[],n/a
230.png,0,1,0.9976,0.9976,1,0.997050404548645,0.997050404548645,0.9973252022743224,both_wrong,True,230,230.png,0,1000,1000,Abandoned area,1,0,[],2
3355.png,1,0,0.003817,0.996183,0,0.0016310240607708,0.9983689759392292,0.9972759879696148,both_wrong,True,3355,3355.png,0,1038,1064,n/s,1,1,[],n/s
7894.png,0,1,0.996,0.996,1,0.997883141040802,0.997883141040802,0.996941570520401,both_wrong,True,7894,7894.png,0,1052,1049,n/a,n/a,0,[],n/a
9404.png,1,0,0.00668,0.99332,0,4.974379407940432e-05,0.9999502562059206,0.9966351281029604,both_wrong,True,9404,9404.png,0,1000,1000,n/a,n/a,1,[],n/a
1206.png,0,1,0.9985,0.9985,1,0.9931957721710204,0.9931957721710204,0.9958478860855102,both_wrong,True,1206,1206.png,0,1000,1000,Degraded area,2,0,[],1
6885.png,0,1,0.999,0.999,1,0.9906710386276244,0.9906710386276244,0.9948355193138122,both_wrong,True,6885,6885.png,0,1055,1047,n/a,n/a,0,[],n/a
6819.png,0,1,0.994,0.994,1,0.9949567914009094,0.9949567914009094,0.9944783957004548,both_wrong,True,6819,6819.png,0,696,697,n/a,n/a,0,[],n/a
2784.png,0,1,0.998,0.998,1,0.989775776863098,0.989775776863098,0.993887888431549,both_wrong,True,2784,2784.png,0,1051,1050,n/s,3,0,[],n/s
9577.png,1,0,0.02454,0.97546,0,0.0010823152260854,0.9989176847739146,0.9871888423869573,both_wrong,True,9577,9577.png,0,1000,1000,n/a,n/a,1,[],n/a
2707.png,0,1,0.9834,0.9834,1,0.9881145358085632,0.9881145358085632,0.9857572679042816,both_wrong,True,2707,2707.png,0,1053,1048,n/s,1,0,[],n/s
361.png,1,1,0.8955,0.8955,0,0.0104269888252019,0.989573011174798,0.9425365055873992,swin_correct_r50_wrong,True,361,361.png,0,1000,1000,Abandoned area,2,1,[],1
734.png,1,1,0.682,0.682,0,0.0198756270110607,0.9801243729889392,0.8310621864944696,swin_correct_r50_wrong,True,734,734.png,0,1000,1000,Agricultural area/farm area,1,1,[],1
11596.png,0,0,0.4082,0.5918,1,0.9786176681518556,0.9786176681518556,0.7852088340759278,swin_correct_r50_wrong,True,11596,11596.png,0,1035,1067,n/a,n/a,0,[],n/a
3377.png,1,1,0.9614,0.9614,0,0.0380156897008419,0.961984310299158,0.9616921551495792,swin_correct_r50_wrong,True,3377,3377.png,0,1037,1065,n/s,1,1,[],n/s
1681.png,1,1,0.4768,0.4768,0,0.0477357320487499,0.95226426795125,0.714532133975625,swin_correct_r50_wrong,True,1681,1681.png,0,1000,1000,Other,3,1,[],1
1287.png,1,1,0.565,0.565,0,0.0515418462455272,0.9484581537544728,0.7567290768772363,swin_correct_r50_wrong,True,1287,1287.png,0,1000,1000,Production site,1,1,[],2
125.png,1,0,0.02663,0.97337,1,0.6664371490478516,0.6664371490478516,0.8199035745239258,r50_correct_swin_wrong,True,125,125.png,0,1000,1000,Other,1,1,[],1
3075.png,1,0,0.0267,0.9733,1,0.9488226175308228,0.9488226175308228,0.9610613087654114,r50_correct_swin_wrong,True,3075,3075.png,0,1042,1061,n/s,1,1,[],n/s
6282.png,1,0,0.0379,0.9621,1,0.729138970375061,0.729138970375061,0.8456194851875305,r50_correct_swin_wrong,True,6282,6282.png,0,1000,1000,n/a,n/a,1,[],n/a
6523.png,0,1,0.9565,0.9565,0,0.4740872979164123,0.5259127020835876,0.7412063510417939,r50_correct_swin_wrong,True,6523,6523.png,0,1000,1000,n/a,n/a,0,[],n/a
11475.png,0,1,0.9517,0.9517,0,0.0776793211698532,0.9223206788301468,0.9370103394150734,r50_correct_swin_wrong,True,11475,11475.png,0,1000,1000,n/a,n/a,0,[],n/a
1490.png,0,1,0.946,0.946,0,0.2369678616523742,0.7630321383476257,0.8545160691738128,r50_correct_swin_wrong,True,1490,1490.png,0,1000,1000,Agricultural area/farm area,2,0,[],1
