sample_id,y_true_swin,y_pred_swin,y_prob_swin,y_true_r50,y_pred_r50,y_prob_r50,y_true,swin_correct,r50_correct,error_group,swin_confidence,r50_confidence
125.png,1,0,0.02663,1,1,0.6664371490478516,1,False,True,r50_correct_swin_wrong,0.97337,0.6664371490478516
3075.png,1,0,0.0267,1,1,0.9488226175308228,1,False,True,r50_correct_swin_wrong,0.9733,0.9488226175308228
6282.png,1,0,0.0379,1,1,0.729138970375061,1,False,True,r50_correct_swin_wrong,0.9621,0.729138970375061
6523.png,0,1,0.9565,0,0,0.4740872979164123,0,False,True,r50_correct_swin_wrong,0.9565,0.5259127020835876
11475.png,0,1,0.9517,0,0,0.0776793211698532,0,False,True,r50_correct_swin_wrong,0.9517,0.9223206788301468
1490.png,0,1,0.946,0,0,0.2369678616523742,0,False,True,r50_correct_swin_wrong,0.946,0.7630321383476257
10409.png,0,1,0.9336,0,0,0.1583360731601715,0,False,True,r50_correct_swin_wrong,0.9336,0.8416639268398285
8430.png,1,0,0.07135,1,1,0.837039053440094,1,False,True,r50_correct_swin_wrong,0.92865,0.837039053440094
9632.png,1,0,0.07556,1,1,0.8527535796165466,1,False,True,r50_correct_swin_wrong,0.92444,0.8527535796165466
8377.png,1,0,0.0782,1,1,0.7150120139122009,1,False,True,r50_correct_swin_wrong,0.9218,0.7150120139122009
7188.png,0,1,0.921,0,0,0.0910071954131126,0,False,True,r50_correct_swin_wrong,0.921,0.9089928045868874
380.png,1,0,0.0808,1,1,0.7911390066146851,1,False,True,r50_correct_swin_wrong,0.9192,0.7911390066146851
6137.png,0,1,0.915,0,0,0.0968128070235252,0,False,True,r50_correct_swin_wrong,0.915,0.9031871929764748
5289.png,1,0,0.09235,1,1,0.7165943384170532,1,False,True,r50_correct_swin_wrong,0.90765,0.7165943384170532
1515.png,0,1,0.9067,0,0,0.4306083023548126,0,False,True,r50_correct_swin_wrong,0.9067,0.5693916976451874
3216.png,1,0,0.10205,1,1,0.5752718448638916,1,False,True,r50_correct_swin_wrong,0.89795,0.5752718448638916
8632.png,0,1,0.8823,0,0,0.2688319385051727,0,False,True,r50_correct_swin_wrong,0.8823,0.7311680614948273
8396.png,0,1,0.8813,0,0,0.0548004023730754,0,False,True,r50_correct_swin_wrong,0.8813,0.9451995976269246
5651.png,0,1,0.874,0,0,0.0455723889172077,0,False,True,r50_correct_swin_wrong,0.874,0.9544276110827923
7218.png,0,1,0.8696,0,0,0.0085549280047416,0,False,True,r50_correct_swin_wrong,0.8696,0.9914450719952584
5711.png,0,1,0.8643,0,0,0.3596459627151489,0,False,True,r50_correct_swin_wrong,0.8643,0.6403540372848511
1933.png,1,0,0.137,1,1,0.7821212410926819,1,False,True,r50_correct_swin_wrong,0.863,0.7821212410926819
5546.png,0,1,0.861,0,0,0.2783154845237732,0,False,True,r50_correct_swin_wrong,0.861,0.7216845154762268
7959.png,0,1,0.8594,0,0,0.0627905800938606,0,False,True,r50_correct_swin_wrong,0.8594,0.9372094199061394
7515.png,0,1,0.8535,0,0,0.1952149420976638,0,False,True,r50_correct_swin_wrong,0.8535,0.8047850579023362
5879.png,0,1,0.821,0,0,0.2895098030567169,0,False,True,r50_correct_swin_wrong,0.821,0.7104901969432831
8344.png,1,0,0.1852,1,1,0.9115023612976074,1,False,True,r50_correct_swin_wrong,0.8148,0.9115023612976074
7263.png,1,0,0.1891,1,1,0.7416898012161255,1,False,True,r50_correct_swin_wrong,0.8109,0.7416898012161255
4286.png,1,0,0.1913,1,1,0.5011007785797119,1,False,True,r50_correct_swin_wrong,0.8087,0.5011007785797119
3909.png,0,1,0.8022,0,0,0.4507595002651214,0,False,True,r50_correct_swin_wrong,0.8022,0.5492404997348785
6677.png,0,1,0.8003,0,0,0.2472589910030365,0,False,True,r50_correct_swin_wrong,0.8003,0.7527410089969635
10018.png,1,0,0.2024,1,1,0.8959982395172119,1,False,True,r50_correct_swin_wrong,0.7976,0.8959982395172119
6994.png,0,1,0.783,0,0,0.0420399457216262,0,False,True,r50_correct_swin_wrong,0.783,0.9579600542783738
3461.png,1,0,0.2196,1,1,0.8980708122253418,1,False,True,r50_correct_swin_wrong,0.7804,0.8980708122253418
4236.png,0,1,0.769,0,0,0.2941887676715851,0,False,True,r50_correct_swin_wrong,0.769,0.7058112323284149
1587.png,0,1,0.763,0,0,0.3361445665359497,0,False,True,r50_correct_swin_wrong,0.763,0.6638554334640503
10321.png,0,1,0.752,0,0,0.4097792208194732,0,False,True,r50_correct_swin_wrong,0.752,0.5902207791805267
2750.png,1,0,0.2551,1,1,0.9078969359397888,1,False,True,r50_correct_swin_wrong,0.7449,0.9078969359397888
1087.png,1,0,0.2588,1,1,0.9673871994018556,1,False,True,r50_correct_swin_wrong,0.7412000000000001,0.9673871994018556
10853.png,0,1,0.7354,0,0,0.1794582605361938,0,False,True,r50_correct_swin_wrong,0.7354,0.8205417394638062
5767.png,0,1,0.716,0,0,0.448967307806015,0,False,True,r50_correct_swin_wrong,0.716,0.551032692193985
6986.png,1,0,0.2932,1,1,0.8678606152534485,1,False,True,r50_correct_swin_wrong,0.7068,0.8678606152534485
1520.png,1,0,0.3025,1,1,0.8266504406929016,1,False,True,r50_correct_swin_wrong,0.6975,0.8266504406929016
9891.png,0,1,0.696,0,0,0.1658442020416259,0,False,True,r50_correct_swin_wrong,0.696,0.8341557979583741
4327.png,1,0,0.314,1,1,0.6780140399932861,1,False,True,r50_correct_swin_wrong,0.6859999999999999,0.6780140399932861
8522.png,0,1,0.678,0,0,0.1979483515024185,0,False,True,r50_correct_swin_wrong,0.678,0.8020516484975815
978.png,0,1,0.6733,0,0,0.1090111956000328,0,False,True,r50_correct_swin_wrong,0.6733,0.8909888043999672
7555.png,0,1,0.673,0,0,0.173912912607193,0,False,True,r50_correct_swin_wrong,0.673,0.826087087392807
6495.png,0,1,0.672,0,0,0.1928871124982834,0,False,True,r50_correct_swin_wrong,0.672,0.8071128875017166
2871.png,1,0,0.331,1,1,0.617053210735321,1,False,True,r50_correct_swin_wrong,0.669,0.617053210735321
3354.png,1,0,0.3362,1,1,0.9813045263290404,1,False,True,r50_correct_swin_wrong,0.6638,0.9813045263290404
736.png,1,0,0.3433,1,1,0.9364779591560364,1,False,True,r50_correct_swin_wrong,0.6567000000000001,0.9364779591560364
9227.png,0,1,0.6504,0,0,0.2472472786903381,0,False,True,r50_correct_swin_wrong,0.6504,0.7527527213096619
11282.png,0,1,0.65,0,0,0.0999841541051864,0,False,True,r50_correct_swin_wrong,0.65,0.9000158458948135
6603.png,0,1,0.648,0,0,0.1649574637413025,0,False,True,r50_correct_swin_wrong,0.648,0.8350425362586975
5128.png,0,1,0.6465,0,0,0.0506778098642826,0,False,True,r50_correct_swin_wrong,0.6465,0.9493221901357174
7921.png,0,1,0.645,0,0,0.2658004760742187,0,False,True,r50_correct_swin_wrong,0.645,0.7341995239257812
676.png,1,0,0.3584,1,1,0.8105108141899109,1,False,True,r50_correct_swin_wrong,0.6416,0.8105108141899109
2317.png,1,0,0.3599,1,1,0.5492510199546814,1,False,True,r50_correct_swin_wrong,0.6401,0.5492510199546814
5600.png,0,1,0.639,0,0,0.3743767440319061,0,False,True,r50_correct_swin_wrong,0.639,0.6256232559680939
5678.png,1,0,0.3643,1,1,0.7372542023658752,1,False,True,r50_correct_swin_wrong,0.6356999999999999,0.7372542023658752
9116.png,0,1,0.6343,0,0,0.2450424879789352,0,False,True,r50_correct_swin_wrong,0.6343,0.7549575120210648
6124.png,0,1,0.634,0,0,0.497635543346405,0,False,True,r50_correct_swin_wrong,0.634,0.502364456653595
10443.png,0,1,0.599,0,0,0.0885448902845382,0,False,True,r50_correct_swin_wrong,0.599,0.9114551097154618
2846.png,1,0,0.4043,1,1,0.5046000480651855,1,False,True,r50_correct_swin_wrong,0.5957,0.5046000480651855
1599.png,0,1,0.5938,0,0,0.2551025152206421,0,False,True,r50_correct_swin_wrong,0.5938,0.7448974847793579
854.png,1,0,0.4067,1,1,0.7183674573898315,1,False,True,r50_correct_swin_wrong,0.5932999999999999,0.7183674573898315
282.png,0,1,0.5884,0,0,0.1858678609132766,0,False,True,r50_correct_swin_wrong,0.5884,0.8141321390867234
11170.png,0,1,0.577,0,0,0.2418509125709533,0,False,True,r50_correct_swin_wrong,0.577,0.7581490874290466
2966.png,1,0,0.4268,1,1,0.9856049418449402,1,False,True,r50_correct_swin_wrong,0.5731999999999999,0.9856049418449402
7189.png,1,0,0.4277,1,1,0.9806323051452636,1,False,True,r50_correct_swin_wrong,0.5723,0.9806323051452636
10026.png,0,1,0.554,0,0,0.0001029211853165,0,False,True,r50_correct_swin_wrong,0.554,0.9998970788146835
491.png,1,0,0.4468,1,1,0.7644681930541992,1,False,True,r50_correct_swin_wrong,0.5532,0.7644681930541992
1617.png,1,0,0.448,1,1,0.9928489923477172,1,False,True,r50_correct_swin_wrong,0.552,0.9928489923477172
2627.png,1,0,0.448,1,1,0.6131114363670349,1,False,True,r50_correct_swin_wrong,0.552,0.6131114363670349
6842.png,0,1,0.5415,0,0,0.4065492153167724,0,False,True,r50_correct_swin_wrong,0.5415,0.5934507846832275
11469.png,0,1,0.5376,0,0,0.0571538992226123,0,False,True,r50_correct_swin_wrong,0.5376,0.9428461007773877
1193.png,0,1,0.5347,0,0,0.0906047597527504,0,False,True,r50_correct_swin_wrong,0.5347,0.9093952402472496
8491.png,0,1,0.5103,0,0,0.1646151095628738,0,False,True,r50_correct_swin_wrong,0.5103,0.8353848904371262
6888.png,0,1,0.5015,0,0,0.1752667129039764,0,False,True,r50_correct_swin_wrong,0.5015,0.8247332870960236
1808.png,0,1,0.497,0,0,0.3586009442806244,0,False,True,r50_correct_swin_wrong,0.497,0.6413990557193756
5180.png,0,1,0.4941,0,0,0.0158796105533838,0,False,True,r50_correct_swin_wrong,0.4941,0.9841203894466162
8956.png,0,1,0.4844,0,0,0.2221489697694778,0,False,True,r50_correct_swin_wrong,0.4844,0.7778510302305222
1628.png,0,1,0.477,0,0,0.0059130019508302,0,False,True,r50_correct_swin_wrong,0.477,0.9940869980491698
11465.png,0,1,0.4683,0,0,0.0865784808993339,0,False,True,r50_correct_swin_wrong,0.4683,0.913421519100666
6496.png,0,1,0.4668,0,0,0.031713705509901,0,False,True,r50_correct_swin_wrong,0.4668,0.968286294490099
8888.png,0,1,0.4666,0,0,0.0652955919504165,0,False,True,r50_correct_swin_wrong,0.4666,0.9347044080495835
9512.png,0,1,0.4521,0,0,0.4977262318134308,0,False,True,r50_correct_swin_wrong,0.4521,0.5022737681865692
3754.png,0,1,0.4514,0,0,0.0017625717446208,0,False,True,r50_correct_swin_wrong,0.4514,0.9982374282553792
1689.png,1,1,0.9976,1,0,0.4253776371479034,1,True,False,swin_correct_r50_wrong,0.9976,0.5746223628520966
5029.png,0,0,0.002556,0,1,0.517760694026947,0,True,False,swin_correct_r50_wrong,0.997444,0.517760694026947
1557.png,1,1,0.996,1,0,0.407643049955368,1,True,False,swin_correct_r50_wrong,0.996,0.592356950044632
2766.png,1,1,0.9956,1,0,0.3898156285285949,1,True,False,swin_correct_r50_wrong,0.9956,0.610184371471405
2155.png,1,1,0.995,1,0,0.3479677438735962,1,True,False,swin_correct_r50_wrong,0.995,0.6520322561264038
2504.png,1,1,0.9907,1,0,0.3608567118644714,1,True,False,swin_correct_r50_wrong,0.9907,0.6391432881355286
9421.png,0,0,0.01055,0,1,0.5149375796318054,0,True,False,swin_correct_r50_wrong,0.98945,0.5149375796318054
6763.png,1,1,0.989,1,0,0.4237260520458221,1,True,False,swin_correct_r50_wrong,0.989,0.5762739479541779
1790.png,1,1,0.9883,1,0,0.437877207994461,1,True,False,swin_correct_r50_wrong,0.9883,0.5621227920055389
3055.png,1,1,0.9854,1,0,0.0595206655561924,1,True,False,swin_correct_r50_wrong,0.9854,0.9404793344438076
662.png,1,1,0.981,1,0,0.268960565328598,1,True,False,swin_correct_r50_wrong,0.981,0.731039434671402
493.png,1,1,0.98,1,0,0.2106668353080749,1,True,False,swin_correct_r50_wrong,0.98,0.789333164691925
1726.png,1,1,0.976,1,0,0.0728641524910926,1,True,False,swin_correct_r50_wrong,0.976,0.9271358475089074
8367.png,0,0,0.02461,0,1,0.6561831831932068,0,True,False,swin_correct_r50_wrong,0.97539,0.6561831831932068
7537.png,0,0,0.02504,0,1,0.5814809203147888,0,True,False,swin_correct_r50_wrong,0.97496,0.5814809203147888
8879.png,0,0,0.02525,0,1,0.7894274592399597,0,True,False,swin_correct_r50_wrong,0.97475,0.7894274592399597
174.png,1,1,0.9746,1,0,0.1667668223381042,1,True,False,swin_correct_r50_wrong,0.9746,0.8332331776618958
2055.png,1,1,0.974,1,0,0.3843632340431213,1,True,False,swin_correct_r50_wrong,0.974,0.6156367659568787
2167.png,1,1,0.9736,1,0,0.3888760507106781,1,True,False,swin_correct_r50_wrong,0.9736,0.6111239492893219
2019.png,1,1,0.9717,1,0,0.3008386790752411,1,True,False,swin_correct_r50_wrong,0.9717,0.6991613209247589
3362.png,1,1,0.9717,1,0,0.0964117646217346,1,True,False,swin_correct_r50_wrong,0.9717,0.9035882353782654
5113.png,0,0,0.03574,0,1,0.7687995433807373,0,True,False,swin_correct_r50_wrong,0.96426,0.7687995433807373
2517.png,1,1,0.963,1,0,0.3071244657039642,1,True,False,swin_correct_r50_wrong,0.963,0.6928755342960358
3377.png,1,1,0.9614,1,0,0.0380156897008419,1,True,False,swin_correct_r50_wrong,0.9614,0.9619843102991581
7130.png,0,0,0.03918,0,1,0.6393486261367798,0,True,False,swin_correct_r50_wrong,0.96082,0.6393486261367798
331.png,1,1,0.958,1,0,0.3183826506137848,1,True,False,swin_correct_r50_wrong,0.958,0.6816173493862152
420.png,1,1,0.957,1,0,0.0676409304141998,1,True,False,swin_correct_r50_wrong,0.957,0.9323590695858002
3556.png,0,0,0.04648,0,1,0.5621173977851868,0,True,False,swin_correct_r50_wrong,0.95352,0.5621173977851868
7801.png,0,0,0.04822,0,1,0.5692784190177917,0,True,False,swin_correct_r50_wrong,0.95178,0.5692784190177917
1518.png,1,1,0.947,1,0,0.4519979059696197,1,True,False,swin_correct_r50_wrong,0.947,0.5480020940303802
2032.png,1,1,0.9404,1,0,0.303214818239212,1,True,False,swin_correct_r50_wrong,0.9404,0.696785181760788
559.png,1,1,0.94,1,0,0.3047391772270202,1,True,False,swin_correct_r50_wrong,0.94,0.6952608227729797
1674.png,1,1,0.9385,1,0,0.4977199733257293,1,True,False,swin_correct_r50_wrong,0.9385,0.5022800266742706
1771.png,1,1,0.9336,1,0,0.1074643731117248,1,True,False,swin_correct_r50_wrong,0.9336,0.8925356268882751
3403.png,1,1,0.9307,1,0,0.4570696949958801,1,True,False,swin_correct_r50_wrong,0.9307,0.5429303050041199
8748.png,0,0,0.0702,0,1,0.6097930073738098,0,True,False,swin_correct_r50_wrong,0.9298,0.6097930073738098
237.png,1,1,0.9253,1,0,0.118687592446804,1,True,False,swin_correct_r50_wrong,0.9253,0.881312407553196
8439.png,0,0,0.07544,0,1,0.7889615297317505,0,True,False,swin_correct_r50_wrong,0.92456,0.7889615297317505
3409.png,1,1,0.923,1,0,0.2907222807407379,1,True,False,swin_correct_r50_wrong,0.923,0.7092777192592621
2937.png,0,0,0.07886,0,1,0.7702671885490417,0,True,False,swin_correct_r50_wrong,0.92114,0.7702671885490417
7100.png,0,0,0.0789,0,1,0.5040283799171448,0,True,False,swin_correct_r50_wrong,0.9211,0.5040283799171448
10340.png,0,0,0.08344,0,1,0.7007025480270386,0,True,False,swin_correct_r50_wrong,0.91656,0.7007025480270386
8352.png,0,0,0.0845,0,1,0.9381887912750244,0,True,False,swin_correct_r50_wrong,0.9155,0.9381887912750244
927.png,1,1,0.915,1,0,0.2219566255807876,1,True,False,swin_correct_r50_wrong,0.915,0.7780433744192123
549.png,1,1,0.9043,1,0,0.1794883906841278,1,True,False,swin_correct_r50_wrong,0.9043,0.8205116093158722
1688.png,1,1,0.904,1,0,0.4037032425403595,1,True,False,swin_correct_r50_wrong,0.904,0.5962967574596405
7844.png,0,0,0.0982,0,1,0.8323226571083069,0,True,False,swin_correct_r50_wrong,0.9018,0.8323226571083069
8384.png,0,0,0.10126,0,1,0.5239917635917664,0,True,False,swin_correct_r50_wrong,0.89874,0.5239917635917664
361.png,1,1,0.8955,1,0,0.0104269888252019,1,True,False,swin_correct_r50_wrong,0.8955,0.9895730111747981
2602.png,1,1,0.8887,1,0,0.1937649250030517,1,True,False,swin_correct_r50_wrong,0.8887,0.8062350749969482
3043.png,1,1,0.8857,1,0,0.1515230536460876,1,True,False,swin_correct_r50_wrong,0.8857,0.8484769463539124
6946.png,0,0,0.1179,0,1,0.8009854555130005,0,True,False,swin_correct_r50_wrong,0.8821,0.8009854555130005
2339.png,1,1,0.875,1,0,0.3153697550296783,1,True,False,swin_correct_r50_wrong,0.875,0.6846302449703217
11463.png,0,0,0.1311,0,1,0.8898766040802002,0,True,False,swin_correct_r50_wrong,0.8689,0.8898766040802002
3087.png,0,0,0.138,0,1,0.9110300540924072,0,True,False,swin_correct_r50_wrong,0.862,0.9110300540924072
1220.png,1,1,0.861,1,0,0.1127346977591514,1,True,False,swin_correct_r50_wrong,0.861,0.8872653022408485
6853.png,0,0,0.1511,0,1,0.6361642479896545,0,True,False,swin_correct_r50_wrong,0.8489,0.6361642479896545
1188.png,0,0,0.152,0,1,0.8914664387702942,0,True,False,swin_correct_r50_wrong,0.848,0.8914664387702942
3379.png,1,1,0.846,1,0,0.4437251091003418,1,True,False,swin_correct_r50_wrong,0.846,0.5562748908996582
3445.png,1,1,0.8438,1,0,0.4498333930969238,1,True,False,swin_correct_r50_wrong,0.8438,0.5501666069030762
8492.png,0,0,0.1665,0,1,0.5580368041992188,0,True,False,swin_correct_r50_wrong,0.8335,0.5580368041992188
3733.png,0,0,0.1703,0,1,0.7920405864715576,0,True,False,swin_correct_r50_wrong,0.8297,0.7920405864715576
803.png,1,1,0.8184,1,0,0.3669396936893463,1,True,False,swin_correct_r50_wrong,0.8184,0.6330603063106537
8927.png,0,0,0.182,0,1,0.8472418189048767,0,True,False,swin_correct_r50_wrong,0.8180000000000001,0.8472418189048767
3353.png,1,1,0.815,1,0,0.3130407631397247,1,True,False,swin_correct_r50_wrong,0.815,0.6869592368602753
1478.png,1,1,0.7935,1,0,0.2305440902709961,1,True,False,swin_correct_r50_wrong,0.7935,0.7694559097290039
5921.png,0,0,0.2097,0,1,0.8110232353210449,0,True,False,swin_correct_r50_wrong,0.7903,0.8110232353210449
8408.png,0,0,0.2186,0,1,0.5852361917495728,0,True,False,swin_correct_r50_wrong,0.7814,0.5852361917495728
525.png,1,1,0.781,1,0,0.4601466655731201,1,True,False,swin_correct_r50_wrong,0.781,0.5398533344268799
8944.png,0,0,0.2272,0,1,0.5457732081413269,0,True,False,swin_correct_r50_wrong,0.7727999999999999,0.5457732081413269
1359.png,0,0,0.2275,0,1,0.9316071271896362,0,True,False,swin_correct_r50_wrong,0.7725,0.9316071271896362
4328.png,1,1,0.7534,1,0,0.1127671375870704,1,True,False,swin_correct_r50_wrong,0.7534,0.8872328624129296
4345.png,1,1,0.753,1,0,0.4338391125202179,1,True,False,swin_correct_r50_wrong,0.753,0.5661608874797821
2718.png,1,1,0.7495,1,0,0.4551734030246734,1,True,False,swin_correct_r50_wrong,0.7495,0.5448265969753265
7010.png,0,0,0.2727,0,1,0.586090624332428,0,True,False,swin_correct_r50_wrong,0.7273000000000001,0.586090624332428
7672.png,0,0,0.278,0,1,0.9412782788276672,0,True,False,swin_correct_r50_wrong,0.722,0.9412782788276672
7006.png,0,0,0.2805,0,1,0.5173298716545105,0,True,False,swin_correct_r50_wrong,0.7195,0.5173298716545105
1356.png,1,1,0.7046,1,0,0.2837716042995453,1,True,False,swin_correct_r50_wrong,0.7046,0.7162283957004547
4004.png,1,1,0.6978,1,0,0.2016298770904541,1,True,False,swin_correct_r50_wrong,0.6978,0.7983701229095459
1387.png,1,1,0.6924,1,0,0.1869485080242157,1,True,False,swin_correct_r50_wrong,0.6924,0.8130514919757843
734.png,1,1,0.682,1,0,0.0198756270110607,1,True,False,swin_correct_r50_wrong,0.682,0.9801243729889393
8790.png,1,1,0.6807,1,0,0.1649616360664367,1,True,False,swin_correct_r50_wrong,0.6807,0.8350383639335632
904.png,1,1,0.6753,1,0,0.4719585478305816,1,True,False,swin_correct_r50_wrong,0.6753,0.5280414521694183
337.png,1,1,0.6675,1,0,0.4720405638217926,1,True,False,swin_correct_r50_wrong,0.6675,0.5279594361782074
898.png,1,1,0.654,1,0,0.250263899564743,1,True,False,swin_correct_r50_wrong,0.654,0.749736100435257
2769.png,1,1,0.6436,1,0,0.0806765332818031,1,True,False,swin_correct_r50_wrong,0.6436,0.9193234667181969
8187.png,0,0,0.3818,0,1,0.8735547065734863,0,True,False,swin_correct_r50_wrong,0.6182000000000001,0.8735547065734863
3308.png,1,1,0.6123,1,0,0.4201095402240753,1,True,False,swin_correct_r50_wrong,0.6123,0.5798904597759247
3458.png,1,1,0.611,1,0,0.2003683745861053,1,True,False,swin_correct_r50_wrong,0.611,0.7996316254138947
1052.png,1,1,0.6094,1,0,0.2061903327703476,1,True,False,swin_correct_r50_wrong,0.6094,0.7938096672296524
3037.png,0,0,0.3918,0,1,0.8829780220985413,0,True,False,swin_correct_r50_wrong,0.6082000000000001,0.8829780220985413
11596.png,0,0,0.4082,0,1,0.9786176681518556,0,True,False,swin_correct_r50_wrong,0.5918,0.9786176681518556
9829.png,0,0,0.4106,0,1,0.5329298973083496,0,True,False,swin_correct_r50_wrong,0.5893999999999999,0.5329298973083496
8756.png,0,0,0.4192,0,1,0.8944380283355713,0,True,False,swin_correct_r50_wrong,0.5808,0.8944380283355713
54.png,0,0,0.426,0,1,0.8618229627609253,0,True,False,swin_correct_r50_wrong,0.5740000000000001,0.8618229627609253
351.png,1,1,0.572,1,0,0.4187682569026947,1,True,False,swin_correct_r50_wrong,0.572,0.5812317430973053
1287.png,1,1,0.565,1,0,0.0515418462455272,1,True,False,swin_correct_r50_wrong,0.565,0.9484581537544728
8324.png,0,0,0.4436,0,1,0.5527758002281189,0,True,False,swin_correct_r50_wrong,0.5564,0.5527758002281189
467.png,0,0,0.444,0,1,0.8499941229820251,0,True,False,swin_correct_r50_wrong,0.556,0.8499941229820251
2144.png,1,1,0.5557,1,0,0.1183807700872421,1,True,False,swin_correct_r50_wrong,0.5557,0.8816192299127579
11228.png,0,0,0.4453,0,1,0.5717878341674805,0,True,False,swin_correct_r50_wrong,0.5547,0.5717878341674805
2733.png,1,1,0.54,1,0,0.2182816714048385,1,True,False,swin_correct_r50_wrong,0.54,0.7817183285951614
1685.png,1,1,0.5166,1,0,0.2627246081829071,1,True,False,swin_correct_r50_wrong,0.5166,0.7372753918170929
7221.png,1,1,0.4993,1,0,0.082273744046688,1,True,False,swin_correct_r50_wrong,0.4993,0.917726255953312
5866.png,1,1,0.4949,1,0,0.4626356661319732,1,True,False,swin_correct_r50_wrong,0.4949,0.5373643338680267
1681.png,1,1,0.4768,1,0,0.0477357320487499,1,True,False,swin_correct_r50_wrong,0.4768,0.9522642679512501
