bin,lower,upper,count,mean_probability,observed_fraction_candidate,absolute_gap
1,0.0,0.1,1519,0.00789615133803231,0.019091507570770244,0.011195356232737935
2,0.1,0.2,80,0.14743466796353455,0.25,0.10256533203646545
3,0.2,0.30000000000000004,59,0.24299985195620585,0.2711864406779661,0.028186588721760247
4,0.30000000000000004,0.4,37,0.3461008458524137,0.43243243243243246,0.08633158658001877
5,0.4,0.5,39,0.4465698156601343,0.5641025641025641,0.11753274844242978
6,0.5,0.6000000000000001,53,0.5431281204493541,0.5094339622641509,0.03369415818520316
7,0.6000000000000001,0.7000000000000001,46,0.6524003238781638,0.782608695652174,0.13020837177401012
8,0.7000000000000001,0.8,72,0.7547120518154569,0.8333333333333334,0.0786212815178765
9,0.8,0.9,116,0.8525835625056563,0.7586206896551724,0.09396287285048388
10,0.9,1.0,586,0.9768326639518803,0.947098976109215,0.02973368784266528
